[
  {
    "name": "Afghanistan",
    "phoneCode": 93,
    "iso": "AF",
    "countryCode": 4
  },
  {
    "name": "Aland Islands",
    "iso": "AX",
    "countryCode": 248
  },
  {
    "name": "Albania",
    "phoneCode": 355,
    "iso": "AL",
    "countryCode": 8
  },
  {
    "name": "Algeria",
    "phoneCode": 213,
    "iso": "DZ",
    "countryCode": 12
  },
  {
    "name": "American Samoa",
    "phoneCode": 684,
    "iso": "AS",
    "countryCode": 16
  },
  {
    "name": "Andorra",
    "phoneCode": 376,
    "iso": "AD",
    "countryCode": 20
  },
  {
    "name": "Angola",
    "phoneCode": 244,
    "iso": "AO",
    "countryCode": 24
  },
  {
    "name": "Anguilla",
    "phoneCode": 1264,
    "iso": "AI",
    "countryCode": 660
  },
  {
    "name": "Antarctica",
    "phoneCode": 672,
    "iso": "AQ",
    "countryCode": 10
  },
  {
    "name": "Antigua and Barbuda",
    "phoneCode": 1268,
    "iso": "AG",
    "countryCode": 28
  },
  {
    "name": "Argentina",
    "phoneCode": 54,
    "iso": "AR",
    "countryCode": 32
  },
  {
    "name": "Armenia",
    "phoneCode": 374,
    "iso": "AM",
    "countryCode": 51
  },
  {
    "name": "Aruba",
    "phoneCode": 297,
    "iso": "AW",
    "countryCode": 533
  },
  {
    "name": "Ascension Island",
    "phoneCode": 247,
    "iso": "AC"
  },
  {
    "name": "Australia",
    "phoneCode": 61,
    "iso": "AU",
    "countryCode": 36
  },
  {
    "name": "Austria",
    "phoneCode": 43,
    "iso": "AT",
    "countryCode": 40
  },
  {
    "name": "Azerbaijan",
    "phoneCode": 994,
    "iso": "AZ",
    "countryCode": 31
  },
  {
    "name": "Bahamas",
    "phoneCode": 1242,
    "iso": "BS",
    "countryCode": 44
  },
  {
    "name": "Bahrain",
    "phoneCode": 973,
    "iso": "BH",
    "countryCode": 48
  },
  {
    "name": "Bangladesh",
    "phoneCode": 880,
    "iso": "BD",
    "countryCode": 50
  },
  {
    "name": "Barbados",
    "phoneCode": 1246,
    "iso": "BB",
    "countryCode": 52
  },
  {
    "name": "Belarus",
    "phoneCode": 375,
    "iso": "BY",
    "countryCode": 112
  },
  {
    "name": "Belgium",
    "phoneCode": 32,
    "iso": "BE",
    "countryCode": 56
  },
  {
    "name": "Belize",
    "phoneCode": 501,
    "iso": "BZ",
    "countryCode": 84
  },
  {
    "name": "Benin",
    "phoneCode": 229,
    "iso": "BJ",
    "countryCode": 204
  },
  {
    "name": "Bermuda",
    "phoneCode": 1441,
    "iso": "BM",
    "countryCode": 60
  },
  {
    "name": "Bhutan",
    "phoneCode": 975,
    "iso": "BT",
    "countryCode": 64
  },
  {
    "name": "Bolivia",
    "phoneCode": 591,
    "iso": "BO",
    "countryCode": 68
  },
  {
    "name": "Bonaire, Sint Eustatius and Saba",
    "phoneCode": 599,
    "iso": "BQ"
  },
  {
    "name": "Bosnia and Herzegovina",
    "phoneCode": 387,
    "iso": "BA",
    "countryCode": 70
  },
  {
    "name": "Botswana",
    "phoneCode": 267,
    "iso": "BW",
    "countryCode": 72
  },
  {
    "name": "Bouvet Island",
    "iso": "BV",
    "countryCode": 74
  },
  {
    "name": "Brazil",
    "phoneCode": 55,
    "iso": "BR",
    "countryCode": 76
  },
  {
    "name": "British Indian Ocean Territory",
    "iso": "IO",
    "countryCode": 86
  },
  {
    "name": "British Virgin Islands",
    "phoneCode": 1284,
    "iso": "VG",
    "countryCode": 92
  },
  {
    "name": "Brunei Darussalam",
    "phoneCode": 673,
    "iso": "BN",
    "countryCode": 96
  },
  {
    "name": "Bulgaria",
    "phoneCode": 359,
    "iso": "BG",
    "countryCode": 100
  },
  {
    "name": "Burkina Faso",
    "phoneCode": 226,
    "iso": "BF",
    "countryCode": 854
  },
  {
    "name": "Burundi",
    "phoneCode": 257,
    "iso": "BI",
    "countryCode": 108
  },
  {
    "name": "Cambodia",
    "phoneCode": 855,
    "iso": "KH",
    "countryCode": 116
  },
  {
    "name": "Cameroon",
    "phoneCode": 237,
    "iso": "CM",
    "countryCode": 120
  },
  {
    "name": "Canada",
    "phoneCode": 1,
    "iso": "CA",
    "countryCode": 124
  },
  {
    "name": "Canary Islands",
    "phoneCode": 34,
    "iso": "IC"
  },
  {
    "name": "Cape Verde",
    "phoneCode": 238,
    "iso": "CV",
    "countryCode": 132
  },
  {
    "name": "Cayman Islands",
    "phoneCode": 1345,
    "iso": "KY",
    "countryCode": 136
  },
  {
    "name": "Central African Republic",
    "phoneCode": 236,
    "iso": "CF",
    "countryCode": 140
  },
  {
    "name": "Ceuta & Melilla",
    "phoneCode": 34,
    "iso": "EA"
  },
  {
    "name": "Chad",
    "phoneCode": 235,
    "iso": "TD",
    "countryCode": 148
  },
  {
    "name": "Chile",
    "phoneCode": 56,
    "iso": "CL",
    "countryCode": 152
  },
  {
    "name": "China",
    "phoneCode": 86,
    "iso": "CN",
    "countryCode": 156
  },
  {
    "name": "Christmas Island",
    "phoneCode": 61,
    "iso": "CX",
    "countryCode": 162
  },
  {
    "name": "Clipperton Island",
    "iso": "CP",
  },
  {
    "name": "Cocos (Keeling) Islands",
    "phoneCode": 61,
    "iso": "CC",
    "countryCode": 166
  },
  {
    "name": "Colombia",
    "phoneCode": 57,
    "iso": "CO",
    "countryCode": 170
  },
  {
    "name": "Comoros",
    "phoneCode": 269,
    "iso": "KM",
    "countryCode": 174
  },
  {
    "name": "Congo",
    "phoneCode": 243,
    "iso": "CD",
    "countryCode": 180
  },
  {
    "name": "Congo",
    "phoneCode": 242,
    "iso": "CG",
    "countryCode": 178
  },
  {
    "name": "Cook Islands",
    "phoneCode": 682,
    "iso": "CK",
    "countryCode": 184
  },
  {
    "name": "Costa Rica",
    "phoneCode": 506,
    "iso": "CR",
    "countryCode": 188
  },
  {
    "name": "Cote d'Ivoire",
    "phoneCode": 225,
    "iso": "CI",
    "countryCode": 384
  },
  {
    "name": "Croatia",
    "phoneCode": 385,
    "iso": "HR",
    "countryCode": 191
  },
  {
    "name": "Cuba",
    "phoneCode": 53,
    "iso": "CU",
    "countryCode": 192
  },
  {
    "name": "Curaçao",
    "phoneCode": 599,
    "iso": "CW"
  },
  {
    "name": "Cyprus",
    "phoneCode": 357,
    "iso": "CY",
    "countryCode": 196
  },
  {
    "name": "Czech Republic",
    "phoneCode": 420,
    "iso": "CZ",
    "countryCode": 203
  },
  {
    "name": "Denmark",
    "phoneCode": 45,
    "iso": "DK",
    "countryCode": 208
  },
  {
    "name": "Diego Garcia",
    "phoneCode": 246,
    "iso": "DG"
  },
  {
    "name": "Djibouti",
    "phoneCode": 253,
    "iso": "DJ",
    "countryCode": 262
  },
  {
    "name": "Dominica",
    "phoneCode": 1767,
    "iso": "DM",
    "countryCode": 212
  },
  {
    "name": "Dominican Republic",
    "phoneCode": 809,
    "iso": "DO",
    "countryCode": 214
  },
  {
    "name": "Ecuador",
    "phoneCode": 593,
    "iso": "EC",
    "countryCode": 218
  },
  {
    "name": "Egypt",
    "phoneCode": 20,
    "iso": "EG",
    "countryCode": 818
  },
  {
    "name": "El Salvador",
    "phoneCode": 503,
    "iso": "SV",
    "countryCode": 222
  },
  {
    "name": "Equatorial Guinea",
    "phoneCode": 240,
    "iso": "GQ",
    "countryCode": 226
  },
  {
    "name": "Eritrea",
    "phoneCode": 291,
    "iso": "ER",
    "countryCode": 232
  },
  {
    "name": "Estonia",
    "phoneCode": 372,
    "iso": "EE",
    "countryCode": 233
  },
  {
    "name": "Ethiopia",
    "phoneCode": 251,
    "iso": "ET",
    "countryCode": 231
  },
  {
    "name": "Falkland Islands",
    "phoneCode": 500,
    "iso": "FK",
    "countryCode": 238
  },
  {
    "name": "Faroe Islands",
    "phoneCode": 298,
    "iso": "FO",
    "countryCode": 234
  },
  {
    "name": "Fiji",
    "phoneCode": 679,
    "iso": "FJ",
    "countryCode": 242
  },
  {
    "name": "Finland",
    "phoneCode": 358,
    "iso": "FI",
    "countryCode": 246
  },
  {
    "name": "France",
    "phoneCode": 33,
    "iso": "FR",
    "countryCode": 250
  },
  {
    "name": "French Guiana",
    "phoneCode": 594,
    "iso": "GF",
    "countryCode": 254
  },
  {
    "name": "French Polynesia",
    "phoneCode": 689,
    "iso": "PF",
    "countryCode": 258
  },
  {
    "name": "French Southern Territories",
    "iso": "TF",
    "countryCode": 260
  },
  {
    "name": "Gabon",
    "phoneCode": 241,
    "iso": "GA",
    "countryCode": 266
  },
  {
    "name": "Gambia",
    "phoneCode": 220,
    "iso": "GM",
    "countryCode": 270
  },
  {
    "name": "Georgia",
    "phoneCode": 995,
    "iso": "GE",
    "countryCode": 268
  },
  {
    "name": "Germany",
    "phoneCode": 49,
    "iso": "DE",
    "countryCode": 276
  },
  {
    "name": "Ghana",
    "phoneCode": 233,
    "iso": "GH",
    "countryCode": 288
  },
  {
    "name": "Gibraltar",
    "phoneCode": 350,
    "iso": "GI",
    "countryCode": 292
  },
  {
    "name": "Greece",
    "phoneCode": 30,
    "iso": "GR",
    "countryCode": 300
  },
  {
    "name": "Greenland",
    "phoneCode": 299,
    "iso": "GL",
    "countryCode": 304
  },
  {
    "name": "Grenada",
    "phoneCode": 1473,
    "iso": "GD",
    "countryCode": 308
  },
  {
    "name": "Guadeloupe",
    "phoneCode": 590,
    "iso": "GP",
    "countryCode": 312
  },
  {
    "name": "Guam",
    "phoneCode": 1671,
    "iso": "GU",
    "countryCode": 316
  },
  {
    "name": "Guatemala",
    "phoneCode": 502,
    "iso": "GT",
    "countryCode": 320
  },
  {
    "name": "Guernsey",
    "iso": "GG",
    "countryCode": 831
  },
  {
    "name": "Guinea",
    "phoneCode": 224,
    "iso": "GN",
    "countryCode": 324
  },
  {
    "name": "Guinea-Bissau",
    "phoneCode": 245,
    "iso": "GW",
    "countryCode": 624
  },
  {
    "name": "Guyana",
    "phoneCode": 592,
    "iso": "GY",
    "countryCode": 328
  },
  {
    "name": "Haiti",
    "phoneCode": 509,
    "iso": "HT",
    "countryCode": 332
  },
  {
    "name": "Heard Island and McDonald Islands",
    "iso": "HM",
    "countryCode": 334
  },
  {
    "name": "Holy See",
    "phoneCode": 39,
    "iso": "VA",
    "countryCode": 336
  },
  {
    "name": "Honduras",
    "phoneCode": 504,
    "iso": "HN",
    "countryCode": 340
  },
  {
    "name": "Hong Kong",
    "phoneCode": 852,
    "iso": "HK",
    "countryCode": 344
  },
  {
    "name": "Hungary",
    "phoneCode": 36,
    "iso": "HU",
    "countryCode": 348
  },
  {
    "name": "Iceland",
    "phoneCode": 354,
    "iso": "IS",
    "countryCode": 352
  },
  {
    "name": "India",
    "phoneCode": 91,
    "iso": "IN",
    "countryCode": 356
  },
  {
    "name": "Indonesia",
    "phoneCode": 62,
    "iso": "ID",
    "countryCode": 360
  },
  {
    "name": "Iran",
    "phoneCode": 98,
    "iso": "IR",
    "countryCode": 364
  },
  {
    "name": "Iraq",
    "phoneCode": 964,
    "iso": "IQ",
    "countryCode": 368
  },
  {
    "name": "Ireland",
    "phoneCode": 353,
    "iso": "IE",
    "countryCode": 372
  },
  {
    "name": "Isle of Man",
    "iso": "IM",
    "countryCode": 833
  },
  {
    "name": "Israel",
    "phoneCode": 972,
    "iso": "IL",
    "countryCode": 376
  },
  {
    "name": "Italy",
    "phoneCode": 39,
    "iso": "IT",
    "countryCode": 380
  },
  {
    "name": "Jamaica",
    "phoneCode": 1876,
    "iso": "JM",
    "countryCode": 388
  },
  {
    "name": "Japan",
    "phoneCode": 81,
    "iso": "JP",
    "countryCode": 392
  },
  {
    "name": "Jersey",
    "iso": "JE",
    "countryCode": 832
  },
  {
    "name": "Jordan",
    "phoneCode": 962,
    "iso": "JO",
    "countryCode": 400
  },
  {
    "name": "Kazakhstan",
    "phoneCode": 7,
    "iso": "KZ",
    "countryCode": 398
  },
  {
    "name": "Kenya",
    "phoneCode": 254,
    "iso": "KE",
    "countryCode": 404
  },
  {
    "name": "Kiribati",
    "phoneCode": 686,
    "iso": "KI",
    "countryCode": 296
  },
  {
    "name": "Korea",
    "phoneCode": 82,
    "iso": "KR",
    "countryCode": 410
  },
  {
    "name": "Korea",
    "phoneCode": 850,
    "iso": "KP",
    "countryCode": 408
  },
  {
    "name": "Kosovo",
    "phoneCode": 383,
    "iso": "XK"
  },
  {
    "name": "Kuwait",
    "phoneCode": 965,
    "iso": "KW",
    "countryCode": 414
  },
  {
    "name": "Kyrgyz Republic",
    "phoneCode": 996,
    "iso": "KG",
    "countryCode": 417
  },
  {
    "name": "Lao People's Democratic Republic",
    "phoneCode": 856,
    "iso": "LA",
    "countryCode": 418
  },
  {
    "name": "Latvia",
    "phoneCode": 371,
    "iso": "LV",
    "countryCode": 428
  },
  {
    "name": "Lebanon",
    "phoneCode": 961,
    "iso": "LB",
    "countryCode": 422
  },
  {
    "name": "Lesotho",
    "phoneCode": 266,
    "iso": "LS",
    "countryCode": 426
  },
  {
    "name": "Liberia",
    "phoneCode": 231,
    "iso": "LR",
    "countryCode": 430
  },
  {
    "name": "Libyan Arab Jamahiriya",
    "phoneCode": 218,
    "iso": "LY",
    "countryCode": 434
  },
  {
    "name": "Liechtenstein",
    "phoneCode": 423,
    "iso": "LI",
    "countryCode": 438
  },
  {
    "name": "Lithuania",
    "phoneCode": 370,
    "iso": "LT",
    "countryCode": 440
  },
  {
    "name": "Luxembourg",
    "phoneCode": 352,
    "iso": "LU",
    "countryCode": 442
  },
  {
    "name": "Macao",
    "phoneCode": 853,
    "iso": "MO",
    "countryCode": 446
  },
  {
    "name": "Macedonia",
    "phoneCode": 389,
    "iso": "MK",
    "countryCode": 807
  },
  {
    "name": "Madagascar",
    "phoneCode": 261,
    "iso": "MG",
    "countryCode": 450
  },
  {
    "name": "Malawi",
    "phoneCode": 265,
    "iso": "MW",
    "countryCode": 454
  },
  {
    "name": "Malaysia",
    "phoneCode": 60,
    "iso": "MY",
    "countryCode": 458
  },
  {
    "name": "Maldives",
    "phoneCode": 960,
    "iso": "MV",
    "countryCode": 462
  },
  {
    "name": "Mali",
    "phoneCode": 223,
    "iso": "ML",
    "countryCode": 466
  },
  {
    "name": "Malta",
    "phoneCode": 356,
    "iso": "MT",
    "countryCode": 470
  },
  {
    "name": "Marshall Islands",
    "phoneCode": 692,
    "iso": "MH",
    "countryCode": 584
  },
  {
    "name": "Martinique",
    "phoneCode": 596,
    "iso": "MQ",
    "countryCode": 474
  },
  {
    "name": "Mauritania",
    "phoneCode": 222,
    "iso": "MR",
    "countryCode": 478
  },
  {
    "name": "Mauritius",
    "phoneCode": 230,
    "iso": "MU",
    "countryCode": 480
  },
  {
    "name": "Mayotte",
    "phoneCode": 269,
    "iso": "YT",
    "countryCode": 175
  },
  {
    "name": "Mexico",
    "phoneCode": 52,
    "iso": "MX",
    "countryCode": 484
  },
  {
    "name": "Micronesia",
    "phoneCode": 691,
    "iso": "FM",
    "countryCode": 583
  },
  {
    "name": "Moldova",
    "phoneCode": 373,
    "iso": "MD",
    "countryCode": 498
  },
  {
    "name": "Monaco",
    "phoneCode": 377,
    "iso": "MC",
    "countryCode": 492
  },
  {
    "name": "Mongolia",
    "phoneCode": 976,
    "iso": "MN",
    "countryCode": 496
  },
  {
    "name": "Montenegro",
    "phoneCode": 382,
    "iso": "ME",
    "countryCode": 499
  },
  {
    "name": "Montserrat",
    "phoneCode": 1664,
    "iso": "MS",
    "countryCode": 500
  },
  {
    "name": "Morocco",
    "phoneCode": 212,
    "iso": "MA",
    "countryCode": 504
  },
  {
    "name": "Mozambique",
    "phoneCode": 258,
    "iso": "MZ",
    "countryCode": 508
  },
  {
    "name": "Myanmar",
    "phoneCode": 95,
    "iso": "MM",
    "countryCode": 104
  },
  {
    "name": "Namibia",
    "phoneCode": 264,
    "iso": "NA",
    "countryCode": 516
  },
  {
    "name": "Nauru",
    "phoneCode": 674,
    "iso": "NR",
    "countryCode": 520
  },
  {
    "name": "Nepal",
    "phoneCode": 977,
    "iso": "NP",
    "countryCode": 524
  },
  {
    "name": "Netherlands",
    "phoneCode": 31,
    "iso": "NL",
    "countryCode": 528
  },
  {
    "name": "New Caledonia",
    "phoneCode": 687,
    "iso": "NC",
    "countryCode": 540
  },
  {
    "name": "New Zealand",
    "phoneCode": 64,
    "iso": "NZ",
    "countryCode": 554
  },
  {
    "name": "Nicaragua",
    "phoneCode": 505,
    "iso": "NI",
    "countryCode": 558
  },
  {
    "name": "Niger",
    "phoneCode": 227,
    "iso": "NE",
    "countryCode": 562
  },
  {
    "name": "Nigeria",
    "phoneCode": 234,
    "iso": "NG",
    "countryCode": 566
  },
  {
    "name": "Niue",
    "phoneCode": 683,
    "iso": "NU",
    "countryCode": 570
  },
  {
    "name": "Norfolk Island",
    "phoneCode": 672,
    "iso": "NF",
    "countryCode": 574
  },
  {
    "name": "Northern Mariana Islands",
    "phoneCode": 670,
    "iso": "MP",
    "countryCode": 580
  },
  {
    "name": "Norway",
    "phoneCode": 47,
    "iso": "NO",
    "countryCode": 578
  },
  {
    "name": "Oman",
    "phoneCode": 968,
    "iso": "OM",
    "countryCode": 512
  },
  {
    "name": "Pakistan",
    "phoneCode": 92,
    "iso": "PK",
    "countryCode": 586
  },
  {
    "name": "Palau",
    "phoneCode": 680,
    "iso": "PW",
    "countryCode": 585
  },
  {
    "name": "Palestinian Territory",
    "iso": "PS",
    "countryCode": 275
  },
  {
    "name": "Panama",
    "phoneCode": 507,
    "iso": "PA",
    "countryCode": 591
  },
  {
    "name": "Papua New Guinea",
    "phoneCode": 675,
    "iso": "PG",
    "countryCode": 598
  },
  {
    "name": "Paraguay",
    "phoneCode": 595,
    "iso": "PY",
    "countryCode": 600
  },
  {
    "name": "Peru",
    "phoneCode": 51,
    "iso": "PE",
    "countryCode": 604
  },
  {
    "name": "Philippines",
    "phoneCode": 63,
    "iso": "PH",
    "countryCode": 608
  },
  {
    "name": "Pitcairn Islands",
    "iso": "PN",
    "countryCode": 612
  },
  {
    "name": "Poland",
    "phoneCode": 48,
    "iso": "PL",
    "countryCode": 616
  },
  {
    "name": "Portugal",
    "phoneCode": 351,
    "iso": "PT",
    "countryCode": 620
  },
  {
    "name": "Puerto Rico",
    "phoneCode": 1787,
    "iso": "PR",
    "countryCode": 630
  },
  {
    "name": "Qatar",
    "phoneCode": 974,
    "iso": "QA",
    "countryCode": 634
  },
  {
    "name": "Reunion",
    "phoneCode": 262,
    "iso": "RE",
    "countryCode": 638
  },
  {
    "name": "Romania",
    "phoneCode": 40,
    "iso": "RO",
    "countryCode": 642
  },
  {
    "name": "Russian Federation",
    "phoneCode": 7,
    "iso": "RU",
    "countryCode": 643
  },
  {
    "name": "Rwanda",
    "phoneCode": 250,
    "iso": "RW",
    "countryCode": 646
  },
  {
    "name": "Saint Barthelemy",
    "iso": "BL",
    "countryCode": 652
  },
  {
    "name": "Saint Helena",
    "phoneCode": 290,
    "iso": "SH",
    "countryCode": 654
  },
  {
    "name": "Saint Kitts and Nevis",
    "phoneCode": 1869,
    "iso": "KN",
    "countryCode": 659
  },
  {
    "name": "Saint Lucia",
    "phoneCode": 1758,
    "iso": "LC",
    "countryCode": 662
  },
  {
    "name": "Saint Martin",
    "iso": "MF",
    "countryCode": 663
  },
  {
    "name": "Saint Pierre and Miquelon",
    "phoneCode": 508,
    "iso": "PM",
    "countryCode": 666
  },
  {
    "name": "Saint Vincent and the Grenadines",
    "phoneCode": 1784,
    "iso": "VC",
    "countryCode": 670
  },
  {
    "name": "Samoa",
    "phoneCode": 684,
    "iso": "WS",
    "countryCode": 882
  },
  {
    "name": "San Marino",
    "phoneCode": 378,
    "iso": "SM",
    "countryCode": 674
  },
  {
    "name": "Sao Tome and Principe",
    "phoneCode": 239,
    "iso": "ST",
    "countryCode": 678
  },
  {
    "name": "Saudi Arabia",
    "phoneCode": 966,
    "iso": "SA",
    "countryCode": 682
  },
  {
    "name": "Senegal",
    "phoneCode": 221,
    "iso": "SN",
    "countryCode": 686
  },
  {
    "name": "Serbia",
    "phoneCode": 381,
    "iso": "RS",
    "countryCode": 688
  },
  {
    "name": "Seychelles",
    "phoneCode": 248,
    "iso": "SC",
    "countryCode": 690
  },
  {
    "name": "Sierra Leone",
    "phoneCode": 232,
    "iso": "SL",
    "countryCode": 694
  },
  {
    "name": "Singapore",
    "phoneCode": 65,
    "iso": "SG",
    "countryCode": 702
  },
  {
    "name": "Sint Maarten (Dutch part)",
    "phoneCode": 1721,
    "iso": "SX"
  },
  {
    "name": "Slovakia",
    "phoneCode": 421,
    "iso": "SK",
    "countryCode": 703
  },
  {
    "name": "Slovenia",
    "phoneCode": 386,
    "iso": "SI",
    "countryCode": 705
  },
  {
    "name": "Solomon Islands",
    "phoneCode": 677,
    "iso": "SB",
    "countryCode": 90
  },
  {
    "name": "Somalia",
    "phoneCode": 252,
    "iso": "SO",
    "countryCode": 706
  },
  {
    "name": "South Africa",
    "phoneCode": 27,
    "iso": "ZA",
    "countryCode": 710
  },
  {
    "name": "South Georgia and the South Sandwich Islands",
    "iso": "GS",
    "countryCode": 239
  },
  {
    "name": "South Sudan",
    "phoneCode": 211,
    "iso": "SS"
  },
  {
    "name": "Spain",
    "phoneCode": 34,
    "iso": "ES",
    "countryCode": 724
  },
  {
    "name": "Sri Lanka",
    "phoneCode": 94,
    "iso": "LK",
    "countryCode": 144
  },
  {
    "name": "Sudan",
    "phoneCode": 249,
    "iso": "SD",
    "countryCode": 736
  },
  {
    "name": "Suriname",
    "phoneCode": 597,
    "iso": "SR",
    "countryCode": 740
  },
  {
    "name": "Svalbard & Jan Mayen Islands",
    "iso": "SJ",
    "countryCode": 744
  },
  {
    "name": "Swaziland",
    "phoneCode": 268,
    "iso": "SZ",
    "countryCode": 748
  },
  {
    "name": "Sweden",
    "phoneCode": 46,
    "iso": "SE",
    "countryCode": 752
  },
  {
    "name": "Switzerland",
    "phoneCode": 41,
    "iso": "CH",
    "countryCode": 756
  },
  {
    "name": "Syrian Arab Republic",
    "phoneCode": 963,
    "iso": "SY",
    "countryCode": 760
  },
  {
    "name": "Taiwan",
    "phoneCode": 886,
    "iso": "TW",
    "countryCode": 158
  },
  {
    "name": "Tajikistan",
    "phoneCode": 992,
    "iso": "TJ",
    "countryCode": 762
  },
  {
    "name": "Tanzania",
    "phoneCode": 255,
    "iso": "TZ",
    "countryCode": 834
  },
  {
    "name": "Thailand",
    "phoneCode": 66,
    "iso": "TH",
    "countryCode": 764
  },
  {
    "name": "Timor-Leste",
    "iso": "TL",
    "countryCode": 626
  },
  {
    "name": "Togo",
    "phoneCode": 228,
    "iso": "TG",
    "countryCode": 768
  },
  {
    "name": "Tokelau",
    "phoneCode": 690,
    "iso": "TK",
    "countryCode": 772
  },
  {
    "name": "Tonga",
    "phoneCode": 676,
    "iso": "TO",
    "countryCode": 776
  },
  {
    "name": "Trinidad and Tobago",
    "phoneCode": 1868,
    "iso": "TT",
    "countryCode": 780
  },
  {
    "name": "Tristan da Cunha",
    "phoneCode": 290,
    "iso": "TA"
  },
  {
    "name": "Tunisia",
    "phoneCode": 216,
    "iso": "TN",
    "countryCode": 788
  },
  {
    "name": "Turkey",
    "phoneCode": 90,
    "iso": "TR",
    "countryCode": 792
  },
  {
    "name": "Turkmenistan",
    "phoneCode": 993,
    "iso": "TM",
    "countryCode": 795
  },
  {
    "name": "Turks and Caicos Islands",
    "phoneCode": 1649,
    "iso": "TC",
    "countryCode": 796
  },
  {
    "name": "Tuvalu",
    "phoneCode": 688,
    "iso": "TV",
    "countryCode": 798
  },
  {
    "name": "Uganda",
    "phoneCode": 256,
    "iso": "UG",
    "countryCode": 800
  },
  {
    "name": "Ukraine",
    "phoneCode": 380,
    "iso": "UA",
    "countryCode": 804
  },
  {
    "name": "United Arab Emirates",
    "phoneCode": 971,
    "iso": "AE",
    "countryCode": 784
  },
  {
    "name": "United Kingdom of Great Britain & Northern Ireland",
    "phoneCode": 44,
    "iso": "GB",
    "countryCode": 826
  },
  {
    "name": "United States Minor Outlying Islands",
    "phoneCode": 1,
    "iso": "UM"
  },
  {
    "name": "United States of America",
    "phoneCode": 1,
    "iso": "US",
    "countryCode": 840
  },
  {
    "name": "United States Virgin Islands",
    "phoneCode": 1340,
    "iso": "VI",
    "countryCode": 850
  },
  {
    "name": "Uruguay",
    "phoneCode": 598,
    "iso": "UY",
    "countryCode": 858
  },
  {
    "name": "Uzbekistan",
    "phoneCode": 998,
    "iso": "UZ",
    "countryCode": 860
  },
  {
    "name": "Vanuatu",
    "phoneCode": 678,
    "iso": "VU",
    "countryCode": 548
  },
  {
    "name": "Venezuela",
    "phoneCode": 58,
    "iso": "VE",
    "countryCode": 862
  },
  {
    "name": "Vietnam",
    "phoneCode": 84,
    "iso": "VN",
    "countryCode": 704
  },
  {
    "name": "Wallis and Futuna",
    "phoneCode": 681,
    "iso": "WF",
    "countryCode": 876
  },
  {
    "name": "Western Sahara",
    "iso": "EH",
    "countryCode": 732
  },
  {
    "name": "Yemen",
    "phoneCode": 967,
    "iso": "YE",
    "countryCode": 887
  },
  {
    "name": "Zambia",
    "phoneCode": 260,
    "iso": "ZM",
    "countryCode": 894
  },
  {
    "name": "Zimbabwe",
    "phoneCode": 263,
    "iso": "ZW",
    "countryCode": 716
  }
]
