{"v":"5.5.8","fr":30,"ip":0,"op":1800,"w":375,"h":812,"nm":"background_shapes","ddd":0,"assets":[],"layers":[{"ddd":0,"ind":1,"ty":3,"nm":"3 shapes NULL","sr":1,"ks":{"o":{"a":0,"k":0,"ix":11},"r":{"a":1,"k":[{"i":{"x":[0.833],"y":[0.833]},"o":{"x":[0.167],"y":[0.167]},"t":0,"s":[0]},{"t":1799,"s":[360]}],"ix":10},"p":{"a":0,"k":[196.5,429.932,0],"ix":2},"a":{"a":0,"k":[0,0,0],"ix":1},"s":{"a":0,"k":[100,100,100],"ix":6}},"ao":0,"ip":0,"op":1800,"st":0,"bm":0},{"ddd":0,"ind":2,"ty":4,"nm":"cog Outlines","parent":1,"sr":1,"ks":{"o":{"a":0,"k":100,"ix":11},"r":{"a":1,"k":[{"i":{"x":[0.833],"y":[0.833]},"o":{"x":[0.167],"y":[0.167]},"t":0,"s":[0]},{"t":1799,"s":[360]}],"ix":10},"p":{"a":0,"k":[-185.427,35.068,0],"ix":2},"a":{"a":0,"k":[239.573,619.568,0],"ix":1},"s":{"a":0,"k":[100,100,100],"ix":6}},"ao":0,"shapes":[{"ty":"gr","it":[{"ind":0,"ty":"sh","ix":1,"ks":{"a":0,"k":{"i":[[-15.168,50.103],[-50.503,-15.544],[15.178,-50.102],[50.492,15.544]],"o":[[15.179,-50.103],[50.503,15.544],[-15.179,50.103],[-50.492,-15.544]],"v":[[-90.436,-28.14],[28.487,-90.711],[92.435,28.133],[-26.479,90.706]],"c":true},"ix":2},"nm":"Path 1","mn":"ADBE Vector Shape - Group","hd":false},{"ind":1,"ty":"sh","ix":2,"ks":{"a":0,"k":{"i":[[-6.313,20.79],[0,0],[14.913,15.841],[0,0],[21.289,-4.777],[0,0],[6.311,-20.796],[0,0],[-14.916,-15.836],[0,0],[-21.286,4.788],[0,0]],"o":[[0,0],[6.242,-20.869],[0,0],[-14.937,-15.946],[0,0],[-21.153,4.735],[0,0],[-6.253,20.862],[0,0],[14.927,15.955],[0,0],[21.148,-4.742]],"v":[[165.835,132.672],[210.939,-16.497],[196.924,-75.831],[89.536,-190.487],[31.088,-208.508],[-121.393,-173.984],[-165.835,-132.672],[-210.927,16.498],[-196.923,75.819],[-89.525,190.476],[-31.089,208.497],[121.403,173.984]],"c":true},"ix":2},"nm":"Path 2","mn":"ADBE Vector Shape - Group","hd":false},{"ty":"mm","mm":1,"nm":"Merge Paths 1","mn":"ADBE Vector Filter - Merge","hd":false},{"ty":"st","c":{"a":0,"k":[0.289999988032,0.310000011968,0.929000016755,1],"ix":3},"o":{"a":0,"k":100,"ix":4},"w":{"a":0,"k":5,"ix":5},"lc":1,"lj":1,"ml":4,"bm":0,"nm":"Stroke 1","mn":"ADBE Vector Graphic - Stroke","hd":false},{"ty":"tr","p":{"a":0,"k":[239.571,619.571],"ix":2},"a":{"a":0,"k":[0,0],"ix":1},"s":{"a":0,"k":[100,100],"ix":3},"r":{"a":0,"k":0,"ix":6},"o":{"a":0,"k":100,"ix":7},"sk":{"a":0,"k":0,"ix":4},"sa":{"a":0,"k":0,"ix":5},"nm":"Transform"}],"nm":"Group 1","np":4,"cix":2,"bm":0,"ix":1,"mn":"ADBE Vector Group","hd":false}],"ip":0,"op":1823,"st":0,"bm":0},{"ddd":0,"ind":3,"ty":4,"nm":"triangle Outlines","parent":1,"sr":1,"ks":{"o":{"a":0,"k":100,"ix":11},"r":{"a":1,"k":[{"i":{"x":[0.833],"y":[0.833]},"o":{"x":[0.167],"y":[0.167]},"t":0,"s":[0]},{"t":1799,"s":[-360]}],"ix":10},"p":{"a":0,"k":[186.175,-200.832,0],"ix":2},"a":{"a":0,"k":[431.175,203.668,0],"ix":1},"s":{"a":0,"k":[100,100,100],"ix":6}},"ao":0,"shapes":[{"ty":"gr","it":[{"ind":0,"ty":"sh","ix":1,"ks":{"a":0,"k":{"i":[[0,0],[0,0]],"o":[[0,0],[0,0]],"v":[[120.542,-83.991],[120.563,-83.966]],"c":true},"ix":2},"nm":"Path 1","mn":"ADBE Vector Shape - Group","hd":false},{"ind":1,"ty":"sh","ix":2,"ks":{"a":0,"k":{"i":[[0,0],[0,0],[-5.01,-1.226],[-3.575,3.746],[0,0],[1.389,4.961],[5.002,1.258],[0,0],[3.601,-3.731],[-1.391,-4.967]],"o":[[0,0],[1.388,4.961],[5.01,1.226],[0,0],[3.609,-3.714],[-1.39,-4.961],[0,0],[-5.022,-1.207],[-3.602,3.73],[0,0]],"v":[[-73.137,-58.263],[-44.316,44.5],[-33.969,54.508],[-20.083,50.43],[54.555,-26.992],[58.142,-41.008],[47.814,-51.057],[-55.647,-76.378],[-69.573,-72.302],[-73.143,-58.258]],"c":true},"ix":2},"nm":"Path 2","mn":"ADBE Vector Shape - Group","hd":false},{"ind":2,"ty":"sh","ix":3,"ks":{"a":0,"k":{"i":[[7.425,26.476],[0,0],[-19.166,19.895],[-26.789,-6.437],[0,0],[-7.44,-26.414],[19.165,-19.94],[0,0],[26.722,6.57]],"o":[[0,0],[-7.463,-26.499],[19.165,-19.895],[0,0],[26.653,6.618],[7.397,26.551],[0,0],[-19.042,19.968],[-26.723,-6.571]],"v":[[-123.855,133.701],[-186.965,-90.633],[-168.065,-165.552],[-93.858,-187.284],[131.915,-131.779],[187.03,-78.383],[168.037,-3.354],[5.395,165.482],[-68.626,187.151]],"c":true},"ix":2},"nm":"Path 3","mn":"ADBE Vector Shape - Group","hd":false},{"ty":"mm","mm":1,"nm":"Merge Paths 1","mn":"ADBE Vector Filter - Merge","hd":false},{"ty":"st","c":{"a":0,"k":[0.289999988032,0.310000011968,0.929000016755,1],"ix":3},"o":{"a":0,"k":100,"ix":4},"w":{"a":0,"k":5,"ix":5},"lc":1,"lj":1,"ml":4,"bm":0,"nm":"Stroke 1","mn":"ADBE Vector Graphic - Stroke","hd":false},{"ty":"tr","p":{"a":0,"k":[438.676,214.599],"ix":2},"a":{"a":0,"k":[0,0],"ix":1},"s":{"a":0,"k":[100,100],"ix":3},"r":{"a":0,"k":0,"ix":6},"o":{"a":0,"k":100,"ix":7},"sk":{"a":0,"k":0,"ix":4},"sa":{"a":0,"k":0,"ix":5},"nm":"Transform"}],"nm":"Group 1","np":5,"cix":2,"bm":0,"ix":1,"mn":"ADBE Vector Group","hd":false}],"ip":0,"op":1823,"st":0,"bm":0},{"ddd":0,"ind":4,"ty":4,"nm":"X Outlines","parent":1,"sr":1,"ks":{"o":{"a":0,"k":100,"ix":11},"r":{"a":1,"k":[{"i":{"x":[0.833],"y":[0.833]},"o":{"x":[0.167],"y":[0.167]},"t":0,"s":[0]},{"t":1799,"s":[360]}],"ix":10},"p":{"a":0,"k":[178,348.484,0],"ix":2},"a":{"a":0,"k":[603,932.984,0],"ix":1},"s":{"a":0,"k":[100,100,100],"ix":6}},"ao":0,"shapes":[{"ty":"gr","it":[{"ind":0,"ty":"sh","ix":1,"ks":{"a":0,"k":{"i":[[33.768,-23.472],[0,0],[6.864,9.896],[0,0],[32.997,-20.708],[-23.371,-33.782],[0,0],[1.035,-5.695],[4.748,-3.291],[0,0],[-25.231,-33.021],[-31.998,22.232],[0,0],[-6.865,-9.897],[0,0],[-33.003,20.709],[23.377,33.777],[0,0],[-1.033,5.693],[-4.746,3.292],[0,0],[20.619,33.018]],"o":[[0,0],[-9.873,6.876],[0,0],[-22.146,-32.009],[-35.242,22.108],[0,0],[3.286,4.759],[-1.034,5.693],[0,0],[-33.768,23.469],[23.627,30.929],[0,0],[9.875,-6.877],[0,0],[22.146,32.007],[35.236,-22.108],[0,0],[-3.285,-4.759],[1.033,-5.693],[0,0],[31.992,-22.236],[-22.013,-35.252]],"v":[[100.523,-157.662],[36.511,-113.181],[6.211,-118.65],[-36.94,-181.006],[-135.731,-202.761],[-156.947,-100.096],[-112.633,-36.064],[-109.117,-19.738],[-118.147,-5.705],[-182.157,38.779],[-198.386,142.34],[-98.208,156.502],[-35.88,113.183],[-5.576,118.652],[37.571,181.005],[136.368,202.76],[157.573,100.097],[113.269,36.063],[109.751,19.739],[118.779,5.705],[181.112,-37.613],[202.998,-136.595]],"c":true},"ix":2},"nm":"Path 1","mn":"ADBE Vector Shape - Group","hd":false},{"ty":"st","c":{"a":0,"k":[0.289999988032,0.310000011968,0.929000016755,1],"ix":3},"o":{"a":0,"k":100,"ix":4},"w":{"a":0,"k":5,"ix":5},"lc":1,"lj":1,"ml":4,"bm":0,"nm":"Stroke 1","mn":"ADBE Vector Graphic - Stroke","hd":false},{"ty":"tr","p":{"a":0,"k":[602.839,932.984],"ix":2},"a":{"a":0,"k":[0,0],"ix":1},"s":{"a":0,"k":[100,100],"ix":3},"r":{"a":0,"k":0,"ix":6},"o":{"a":0,"k":100,"ix":7},"sk":{"a":0,"k":0,"ix":4},"sa":{"a":0,"k":0,"ix":5},"nm":"Transform"}],"nm":"Group 1","np":2,"cix":2,"bm":0,"ix":1,"mn":"ADBE Vector Group","hd":false}],"ip":0,"op":1823,"st":0,"bm":0}],"markers":[]}